ID,Department,JobRole,JobLevel,BusinessTravel
1,Sales,Sales Executive,2,Travel_Rarely
2,Research & Development,Research Scientist,2,Travel_Frequently
4,Research & Development,Laboratory Technician,1,Travel_Rarely
5,Research & Development,Research Scientist,1,Travel_Frequently
7,Research & Development,Laboratory Technician,1,Travel_Rarely
8,Research & Development,Laboratory Technician,1,Travel_Frequently
10,Research & Development,Laboratory Technician,1,Travel_Rarely
11,Research & Development,Laboratory Technician,1,Travel_Rarely
12,Research & Development,Manufacturing Director,3,Travel_Frequently
13,Research & Development,Healthcare Representative,2,Travel_Rarely
14,Research & Development,Laboratory Technician,1,Travel_Rarely
15,Research & Development,Laboratory Technician,2,Travel_Rarely
16,Research & Development,Research Scientist,1,Travel_Rarely
18,Research & Development,Laboratory Technician,1,Travel_Rarely
19,Research & Development,Laboratory Technician,1,Travel_Rarely
20,Research & Development,Manufacturing Director,3,Travel_Rarely
21,Research & Development,Research Scientist,1,Travel_Rarely
22,Research & Development,Laboratory Technician,1,Non-Travel
23,Sales,Manager,4,Travel_Rarely
24,Research & Development,Research Scientist,1,Travel_Rarely
26,Research & Development,Manufacturing Director,2,Non-Travel
27,Sales,Sales Representative,1,Travel_Rarely
28,Research & Development,Research Director,3,Travel_Rarely
30,Research & Development,Research Scientist,1,Travel_Rarely
31,Research & Development,Research Scientist,1,Travel_Rarely
32,Research & Development,Manager,5,Travel_Rarely
33,Research & Development,Research Scientist,1,Travel_Frequently
35,Sales,Sales Executive,2,Travel_Rarely
36,Research & Development,Healthcare Representative,3,Travel_Rarely
38,Sales,Manager,5,Travel_Rarely
39,Research & Development,Laboratory Technician,1,Travel_Rarely
40,Research & Development,Healthcare Representative,2,Travel_Rarely
41,Research & Development,Laboratory Technician,1,Travel_Rarely
42,Sales,Sales Representative,2,Travel_Rarely
45,Research & Development,Research Scientist,1,Travel_Rarely
46,Research & Development,Research Scientist,1,Travel_Rarely
47,Sales,Sales Representative,1,Travel_Rarely
49,Sales,Sales Representative,1,Travel_Rarely
51,Research & Development,Research Scientist,1,Travel_Rarely
52,Sales,Sales Executive,2,Travel_Frequently
53,Research & Development,Laboratory Technician,1,Travel_Rarely
54,Research & Development,Laboratory Technician,1,Travel_Rarely
55,Research & Development,Laboratory Technician,1,Travel_Rarely
56,Sales,Sales Executive,3,Travel_Frequently
57,Research & Development,Laboratory Technician,2,Travel_Frequently
58,Research & Development,Research Director,5,Travel_Rarely
60,Sales,Sales Executive,2,Non-Travel
61,Research & Development,Research Scientist,1,Travel_Rarely
62,Sales,Sales Executive,2,Travel_Frequently
63,Research & Development,Laboratory Technician,1,Travel_Rarely
64,Research & Development,Laboratory Technician,3,Travel_Rarely
65,Research & Development,Laboratory Technician,1,Travel_Rarely
68,Sales,Sales Executive,2,Travel_Rarely
70,Research & Development,Healthcare Representative,3,Non-Travel
72,Sales,Sales Executive,2,Travel_Rarely
73,Research & Development,Research Director,3,Travel_Frequently
74,Sales,Sales Executive,3,Travel_Frequently
75,Research & Development,Laboratory Technician,1,Travel_Rarely
76,Research & Development,Laboratory Technician,2,Travel_Rarely
77,Research & Development,Manufacturing Director,2,Travel_Rarely
78,Research & Development,Manufacturing Director,2,Travel_Rarely
79,Research & Development,Laboratory Technician,2,Travel_Frequently
80,Research & Development,Research Director,5,Travel_Rarely
81,Sales,Sales Executive,3,Travel_Rarely
83,Research & Development,Healthcare Representative,3,Travel_Rarely
84,Research & Development,Manager,4,Travel_Rarely
85,Research & Development,Manufacturing Director,2,Travel_Frequently
86,Research & Development,Research Scientist,3,Travel_Rarely
88,Research & Development,Research Scientist,1,Travel_Frequently
90,Research & Development,Research Scientist,1,Travel_Rarely
91,Sales,Sales Executive,2,Travel_Frequently
94,Research & Development,Research Scientist,1,Travel_Rarely
95,Research & Development,Research Scientist,1,Travel_Rarely
96,Research & Development,Research Scientist,2,Travel_Rarely
97,Research & Development,Laboratory Technician,1,Travel_Rarely
98,Research & Development,Manufacturing Director,2,Travel_Rarely
100,Sales,Sales Executive,2,Travel_Rarely
101,Research & Development,Research Director,3,Travel_Rarely
102,Research & Development,Research Director,3,Travel_Rarely
103,Human Resources,Human Resources,2,Travel_Rarely
104,Research & Development,Laboratory Technician,2,Travel_Rarely
105,Research & Development,Research Scientist,1,Travel_Rarely
106,Sales,Sales Executive,3,Travel_Rarely
107,Research & Development,Research Scientist,2,Non-Travel
110,Research & Development,Manufacturing Director,2,Travel_Rarely
112,Research & Development,Manufacturing Director,3,Travel_Rarely
113,Sales,Sales Representative,1,Travel_Rarely
116,Research & Development,Laboratory Technician,1,Travel_Rarely
117,Research & Development,Healthcare Representative,2,Travel_Rarely
118,Sales,Sales Executive,3,Travel_Rarely
119,Research & Development,Healthcare Representative,4,Travel_Frequently
120,Sales,Sales Executive,2,Travel_Rarely
121,Sales,Sales Executive,2,Travel_Rarely
124,Research & Development,Healthcare Representative,3,Travel_Frequently
125,Sales,Sales Executive,2,Travel_Rarely
126,Research & Development,Research Director,3,Travel_Rarely
128,Sales,Sales Executive,2,Travel_Rarely
129,Sales,Sales Executive,2,Non-Travel
131,Sales,Sales Executive,4,Travel_Rarely
132,Research & Development,Laboratory Technician,2,Non-Travel
133,Human Resources,Human Resources,1,Travel_Rarely
134,Research & Development,Research Scientist,1,Travel_Rarely
137,Research & Development,Laboratory Technician,1,Travel_Frequently
138,Research & Development,Research Scientist,2,Travel_Rarely
139,Research & Development,Healthcare Representative,2,Non-Travel
140,Human Resources,Manager,5,Non-Travel
141,Research & Development,Research Director,5,Travel_Frequently
142,Sales,Sales Executive,2,Travel_Rarely
143,Research & Development,Research Scientist,1,Travel_Rarely
144,Research & Development,Laboratory Technician,1,Travel_Rarely
145,Research & Development,Healthcare Representative,3,Travel_Frequently
147,Research & Development,Laboratory Technician,2,Travel_Frequently
148,Human Resources,Manager,4,Non-Travel
150,Research & Development,Laboratory Technician,1,Travel_Rarely
151,Research & Development,Research Scientist,2,Travel_Rarely
152,Sales,Sales Executive,3,Travel_Rarely
153,Research & Development,Manager,3,Travel_Rarely
154,Sales,Sales Executive,3,Travel_Frequently
155,Research & Development,Laboratory Technician,1,Travel_Rarely
158,Sales,Manager,4,Travel_Frequently
159,Research & Development,Research Scientist,1,Travel_Frequently
160,Sales,Sales Executive,2,Non-Travel
161,Research & Development,Research Scientist,1,Travel_Rarely
162,Research & Development,Research Director,5,Travel_Rarely
163,Sales,Sales Executive,2,Travel_Rarely
164,Research & Development,Research Scientist,1,Travel_Rarely
165,Research & Development,Healthcare Representative,3,Travel_Rarely
167,Sales,Sales Representative,1,Travel_Rarely
169,Research & Development,Laboratory Technician,1,Travel_Rarely
170,Research & Development,Manufacturing Director,2,Travel_Rarely
171,Research & Development,Research Scientist,1,Travel_Frequently
174,Sales,Sales Executive,3,Travel_Frequently
175,Sales,Sales Executive,2,Travel_Rarely
176,Sales,Sales Executive,3,Travel_Rarely
177,Human Resources,Human Resources,1,Travel_Rarely
178,Research & Development,Manufacturing Director,2,Travel_Rarely
179,Research & Development,Manufacturing Director,3,Travel_Frequently
182,Sales,Sales Executive,2,Travel_Rarely
183,Sales,Sales Executive,2,Travel_Rarely
184,Human Resources,Human Resources,2,Travel_Rarely
190,Research & Development,Laboratory Technician,1,Travel_Rarely
192,Research & Development,Research Scientist,1,Travel_Rarely
193,Research & Development,Research Scientist,2,Travel_Rarely
194,Research & Development,Research Scientist,1,Travel_Rarely
195,Sales,Sales Executive,2,Travel_Frequently
197,Research & Development,Research Scientist,1,Travel_Rarely
198,Research & Development,Laboratory Technician,1,Travel_Rarely
199,Research & Development,Manager,4,Travel_Frequently
200,Research & Development,Laboratory Technician,1,Travel_Rarely
201,Research & Development,Laboratory Technician,1,Travel_Rarely
202,Research & Development,Research Scientist,2,Travel_Frequently
204,Sales,Sales Executive,3,Travel_Rarely
205,Sales,Sales Representative,2,Travel_Rarely
206,Research & Development,Laboratory Technician,2,Travel_Rarely
207,Sales,Sales Executive,3,Travel_Frequently
208,Research & Development,Manufacturing Director,2,Non-Travel
211,Research & Development,Manufacturing Director,2,Travel_Rarely
214,Research & Development,Research Scientist,1,Travel_Rarely
215,Sales,Sales Executive,3,Travel_Rarely
216,Sales,Sales Representative,1,Travel_Frequently
217,Research & Development,Research Scientist,1,Travel_Rarely
218,Research & Development,Research Scientist,1,Non-Travel
221,Research & Development,Research Scientist,1,Travel_Rarely
223,Research & Development,Healthcare Representative,3,Travel_Rarely
224,Research & Development,Research Scientist,1,Non-Travel
226,Research & Development,Manager,5,Travel_Rarely
227,Research & Development,Research Scientist,1,Travel_Rarely
228,Sales,Sales Executive,3,Travel_Rarely
230,Sales,Sales Executive,2,Travel_Rarely
231,Research & Development,Research Scientist,1,Travel_Rarely
233,Research & Development,Research Scientist,1,Travel_Rarely
235,Sales,Sales Representative,1,Travel_Frequently
238,Research & Development,Laboratory Technician,1,Travel_Frequently
239,Research & Development,Laboratory Technician,2,Non-Travel
240,Sales,Sales Executive,2,Travel_Rarely
241,Research & Development,Research Scientist,1,Travel_Rarely
242,Research & Development,Research Scientist,1,Travel_Rarely
243,Research & Development,Laboratory Technician,1,Travel_Rarely
244,Sales,Sales Executive,3,Travel_Rarely
245,Research & Development,Laboratory Technician,1,Travel_Rarely
246,Research & Development,Research Scientist,1,Travel_Rarely
247,Research & Development,Research Scientist,1,Travel_Rarely
248,Sales,Sales Representative,1,Travel_Rarely
249,Research & Development,Laboratory Technician,1,Travel_Rarely
250,Research & Development,Manufacturing Director,2,Travel_Rarely
252,Research & Development,Research Scientist,1,Travel_Rarely
253,Research & Development,Manager,5,Travel_Rarely
254,Research & Development,Research Director,5,Travel_Rarely
256,Research & Development,Manufacturing Director,2,Travel_Frequently
258,Research & Development,Healthcare Representative,4,Travel_Rarely
259,Research & Development,Manager,5,Travel_Rarely
260,Research & Development,Research Scientist,1,Travel_Rarely
261,Research & Development,Manufacturing Director,2,Travel_Rarely
262,Research & Development,Research Scientist,1,Non-Travel
264,Research & Development,Manager,4,Non-Travel
267,Research & Development,Research Scientist,1,Travel_Rarely
269,Research & Development,Laboratory Technician,2,Travel_Frequently
270,Research & Development,Manufacturing Director,2,Non-Travel
271,Research & Development,Manufacturing Director,2,Travel_Rarely
273,Research & Development,Manufacturing Director,2,Travel_Rarely
274,Research & Development,Manufacturing Director,2,Travel_Frequently
275,Research & Development,Manufacturing Director,2,Non-Travel
277,Research & Development,Research Scientist,1,Travel_Frequently
281,Research & Development,Laboratory Technician,2,Travel_Rarely
282,Research & Development,Healthcare Representative,2,Travel_Rarely
283,Sales,Sales Executive,3,Travel_Rarely
284,Research & Development,Research Scientist,1,Travel_Rarely
286,Research & Development,Laboratory Technician,1,Travel_Frequently
287,Research & Development,Healthcare Representative,2,Non-Travel
288,Research & Development,Healthcare Representative,3,Travel_Rarely
291,Sales,Sales Executive,3,Travel_Rarely
292,Research & Development,Manufacturing Director,3,Non-Travel
293,Sales,Sales Executive,2,Travel_Frequently
296,Research & Development,Research Director,3,Travel_Rarely
297,Research & Development,Research Scientist,1,Travel_Rarely
298,Sales,Manager,3,Travel_Rarely
299,Sales,Sales Executive,2,Travel_Frequently
300,Research & Development,Research Scientist,1,Travel_Rarely
302,Sales,Sales Executive,3,Non-Travel
303,Sales,Sales Executive,2,Travel_Rarely
304,Research & Development,Laboratory Technician,2,Travel_Rarely
305,Research & Development,Research Scientist,1,Travel_Rarely
306,Research & Development,Research Director,3,Travel_Frequently
307,Sales,Sales Executive,3,Travel_Rarely
308,Research & Development,Manufacturing Director,2,Non-Travel
309,Research & Development,Research Scientist,1,Travel_Rarely
311,Sales,Sales Representative,1,Travel_Frequently
312,Sales,Sales Executive,3,Travel_Frequently
314,Sales,Sales Executive,3,Travel_Frequently
315,Research & Development,Research Scientist,1,Travel_Rarely
316,Research & Development,Laboratory Technician,1,Travel_Rarely
319,Research & Development,Manager,5,Travel_Rarely
321,Human Resources,Human Resources,1,Travel_Rarely
323,Sales,Manager,5,Travel_Rarely
325,Research & Development,Laboratory Technician,1,Travel_Rarely
327,Sales,Manager,4,Travel_Rarely
328,Research & Development,Laboratory Technician,1,Travel_Rarely
329,Sales,Manager,5,Non-Travel
330,Sales,Sales Representative,1,Travel_Rarely
331,Research & Development,Laboratory Technician,1,Travel_Rarely
332,Research & Development,Laboratory Technician,1,Travel_Rarely
333,Sales,Sales Executive,2,Non-Travel
334,Research & Development,Research Scientist,2,Travel_Rarely
335,Research & Development,Research Scientist,2,Travel_Rarely
336,Research & Development,Manager,5,Travel_Rarely
337,Research & Development,Research Director,3,Travel_Frequently
338,Research & Development,Research Scientist,1,Travel_Rarely
339,Research & Development,Manufacturing Director,2,Travel_Rarely
340,Research & Development,Research Scientist,1,Travel_Rarely
341,Research & Development,Manufacturing Director,2,Travel_Frequently
342,Research & Development,Manufacturing Director,3,Travel_Frequently
343,Research & Development,Healthcare Representative,3,Travel_Frequently
346,Research & Development,Research Scientist,1,Travel_Rarely
347,Research & Development,Research Scientist,2,Travel_Rarely
349,Sales,Sales Executive,2,Travel_Rarely
350,Research & Development,Manufacturing Director,2,Travel_Rarely
351,Research & Development,Laboratory Technician,1,Travel_Rarely
352,Research & Development,Research Director,5,Travel_Rarely
353,Research & Development,Research Scientist,1,Travel_Rarely
355,Research & Development,Laboratory Technician,1,Travel_Frequently
359,Research & Development,Laboratory Technician,1,Travel_Frequently
361,Sales,Sales Executive,2,Non-Travel
362,Research & Development,Laboratory Technician,2,Travel_Rarely
363,Sales,Manager,4,Travel_Rarely
364,Research & Development,Laboratory Technician,1,Travel_Rarely
366,Sales,Sales Executive,2,Travel_Rarely
367,Research & Development,Healthcare Representative,2,Travel_Rarely
369,Research & Development,Healthcare Representative,2,Non-Travel
372,Research & Development,Healthcare Representative,4,Travel_Rarely
373,Research & Development,Laboratory Technician,1,Travel_Rarely
374,Research & Development,Manager,5,Travel_Rarely
376,Research & Development,Manager,3,Non-Travel
377,Research & Development,Research Scientist,1,Travel_Rarely
378,Sales,Sales Executive,2,Travel_Rarely
379,Research & Development,Research Scientist,1,Travel_Rarely
380,Research & Development,Research Director,3,Non-Travel
381,Research & Development,Manager,3,Travel_Rarely
382,Sales,Sales Executive,2,Travel_Rarely
384,Research & Development,Manufacturing Director,2,Travel_Frequently
385,Research & Development,Research Director,5,Travel_Rarely
386,Research & Development,Research Director,4,Travel_Rarely
387,Sales,Sales Executive,2,Travel_Rarely
388,Sales,Sales Executive,2,Travel_Frequently
389,Research & Development,Laboratory Technician,2,Travel_Rarely
390,Research & Development,Healthcare Representative,2,Travel_Frequently
391,Research & Development,Research Scientist,1,Travel_Rarely
392,Research & Development,Laboratory Technician,1,Travel_Frequently
393,Research & Development,Healthcare Representative,2,Travel_Rarely
394,Research & Development,Laboratory Technician,1,Travel_Rarely
395,Research & Development,Research Scientist,1,Travel_Rarely
396,Research & Development,Research Director,5,Travel_Frequently
397,Research & Development,Research Scientist,2,Travel_Rarely
399,Sales,Sales Representative,1,Travel_Frequently
401,Sales,Sales Executive,2,Travel_Rarely
403,Research & Development,Research Scientist,1,Travel_Frequently
404,Sales,Sales Executive,4,Travel_Frequently
405,Research & Development,Laboratory Technician,1,Travel_Rarely
406,Sales,Sales Executive,3,Travel_Rarely
407,Research & Development,Laboratory Technician,1,Travel_Frequently
408,Research & Development,Manufacturing Director,2,Travel_Rarely
410,Sales,Manager,4,Travel_Rarely
411,Sales,Sales Representative,1,Travel_Rarely
412,Research & Development,Healthcare Representative,2,Travel_Rarely
416,Sales,Sales Executive,2,Travel_Rarely
417,Research & Development,Healthcare Representative,3,Travel_Rarely
419,Research & Development,Laboratory Technician,2,Non-Travel
420,Sales,Sales Executive,2,Travel_Rarely
421,Research & Development,Research Director,3,Travel_Rarely
422,Research & Development,Healthcare Representative,2,Non-Travel
423,Research & Development,Research Scientist,1,Travel_Rarely
424,Human Resources,Human Resources,2,Travel_Rarely
425,Research & Development,Laboratory Technician,3,Travel_Frequently
426,Research & Development,Research Scientist,1,Travel_Rarely
428,Research & Development,Manager,3,Travel_Frequently
429,Research & Development,Manager,4,Travel_Rarely
430,Research & Development,Laboratory Technician,1,Travel_Frequently
431,Research & Development,Healthcare Representative,4,Travel_Rarely
433,Research & Development,Research Scientist,2,Travel_Rarely
434,Research & Development,Research Scientist,1,Travel_Rarely
436,Sales,Sales Executive,2,Travel_Rarely
437,Sales,Sales Executive,2,Travel_Rarely
438,Sales,Sales Executive,2,Travel_Rarely
439,Research & Development,Research Scientist,2,Travel_Rarely
440,Research & Development,Research Scientist,1,Travel_Rarely
441,Research & Development,Research Scientist,2,Travel_Rarely
442,Research & Development,Manufacturing Director,3,Travel_Frequently
444,Research & Development,Manager,5,Travel_Frequently
445,Sales,Sales Executive,2,Travel_Rarely
446,Sales,Sales Executive,2,Travel_Frequently
447,Research & Development,Research Director,5,Travel_Rarely
448,Research & Development,Laboratory Technician,2,Travel_Frequently
449,Sales,Sales Executive,2,Non-Travel
450,Research & Development,Research Scientist,2,Travel_Frequently
451,Research & Development,Healthcare Representative,3,Travel_Rarely
452,Research & Development,Research Scientist,2,Travel_Rarely
453,Sales,Sales Executive,2,Travel_Rarely
454,Research & Development,Laboratory Technician,1,Travel_Rarely
455,Research & Development,Laboratory Technician,1,Travel_Rarely
456,Sales,Sales Executive,2,Travel_Rarely
458,Sales,Sales Executive,2,Travel_Rarely
460,Research & Development,Manufacturing Director,2,Travel_Rarely
461,Research & Development,Research Director,3,Travel_Rarely
462,Research & Development,Manufacturing Director,3,Travel_Rarely
463,Sales,Sales Executive,2,Travel_Rarely
464,Research & Development,Manufacturing Director,3,Travel_Rarely
465,Research & Development,Research Scientist,1,Travel_Rarely
466,Research & Development,Manufacturing Director,2,Travel_Rarely
467,Sales,Sales Representative,2,Travel_Frequently
468,Research & Development,Research Director,4,Travel_Rarely
469,Sales,Sales Executive,2,Non-Travel
470,Human Resources,Human Resources,1,Travel_Rarely
471,Research & Development,Laboratory Technician,1,Travel_Rarely
473,Sales,Manager,3,Travel_Rarely
474,Research & Development,Research Scientist,2,Travel_Rarely
475,Sales,Sales Executive,2,Non-Travel
476,Sales,Sales Executive,2,Travel_Rarely
477,Research & Development,Healthcare Representative,2,Travel_Rarely
478,Sales,Sales Representative,1,Travel_Frequently
479,Sales,Sales Executive,2,Non-Travel
481,Sales,Sales Executive,3,Travel_Frequently
482,Research & Development,Healthcare Representative,2,Travel_Rarely
483,Research & Development,Laboratory Technician,1,Travel_Rarely
484,Sales,Sales Representative,1,Non-Travel
485,Sales,Sales Representative,1,Travel_Rarely
486,Research & Development,Laboratory Technician,1,Travel_Rarely
487,Research & Development,Manufacturing Director,2,Non-Travel
488,Sales,Sales Executive,2,Travel_Frequently
491,Research & Development,Healthcare Representative,3,Travel_Rarely
492,Sales,Sales Executive,2,Travel_Rarely
493,Research & Development,Research Scientist,1,Travel_Rarely
494,Sales,Sales Representative,1,Travel_Rarely
495,Research & Development,Research Scientist,1,Travel_Rarely
496,Research & Development,Healthcare Representative,2,Travel_Rarely
497,Research & Development,Laboratory Technician,1,Travel_Rarely
498,Sales,Sales Executive,2,Travel_Rarely
499,Research & Development,Healthcare Representative,3,Travel_Rarely
500,Sales,Sales Executive,2,Travel_Rarely
501,Research & Development,Research Scientist,1,Travel_Rarely
502,Sales,Sales Executive,2,Non-Travel
505,Research & Development,Manager,4,Travel_Rarely
507,Sales,Sales Executive,2,Travel_Rarely
508,Sales,Sales Representative,1,Travel_Rarely
510,Research & Development,Research Scientist,1,Travel_Frequently
511,Research & Development,Research Scientist,1,Travel_Rarely
513,Sales,Sales Executive,3,Travel_Rarely
514,Research & Development,Research Scientist,1,Travel_Frequently
515,Research & Development,Laboratory Technician,1,Travel_Rarely
516,Sales,Sales Executive,2,Travel_Rarely
517,Research & Development,Laboratory Technician,1,Travel_Rarely
518,Research & Development,Manufacturing Director,2,Travel_Rarely
520,Research & Development,Research Director,4,Travel_Rarely
521,Research & Development,Laboratory Technician,2,Travel_Rarely
522,Research & Development,Research Director,5,Travel_Rarely
523,Sales,Sales Executive,2,Non-Travel
524,Research & Development,Manufacturing Director,2,Travel_Rarely
525,Research & Development,Laboratory Technician,1,Travel_Frequently
526,Research & Development,Healthcare Representative,2,Travel_Rarely
527,Sales,Sales Executive,2,Travel_Rarely
529,Research & Development,Research Scientist,2,Non-Travel
530,Research & Development,Laboratory Technician,1,Travel_Rarely
531,Research & Development,Manager,5,Travel_Frequently
532,Sales,Sales Executive,4,Travel_Frequently
533,Sales,Sales Executive,2,Travel_Rarely
534,Sales,Sales Executive,3,Travel_Rarely
536,Research & Development,Laboratory Technician,2,Travel_Rarely
538,Research & Development,Laboratory Technician,1,Travel_Rarely
543,Research & Development,Manufacturing Director,3,Travel_Rarely
544,Research & Development,Research Scientist,1,Travel_Rarely
546,Research & Development,Manager,4,Travel_Rarely
547,Research & Development,Research Scientist,2,Travel_Frequently
548,Research & Development,Manufacturing Director,2,Travel_Rarely
549,Research & Development,Manager,5,Travel_Rarely
550,Research & Development,Manufacturing Director,2,Travel_Rarely
551,Research & Development,Healthcare Representative,2,Travel_Frequently
554,Sales,Sales Representative,1,Travel_Rarely
555,Sales,Sales Representative,1,Travel_Frequently
556,Research & Development,Laboratory Technician,1,Travel_Frequently
558,Sales,Manager,5,Travel_Rarely
560,Research & Development,Research Scientist,1,Travel_Rarely
562,Research & Development,Laboratory Technician,1,Non-Travel
564,Research & Development,Research Director,3,Travel_Rarely
565,Research & Development,Research Scientist,1,Travel_Rarely
566,Human Resources,Human Resources,1,Travel_Rarely
567,Sales,Sales Executive,3,Non-Travel
568,Sales,Manager,4,Travel_Rarely
569,Research & Development,Manager,4,Travel_Rarely
571,Research & Development,Laboratory Technician,1,Non-Travel
573,Sales,Sales Executive,3,Travel_Frequently
574,Research & Development,Manufacturing Director,2,Travel_Rarely
575,Research & Development,Research Director,4,Travel_Rarely
577,Research & Development,Laboratory Technician,1,Travel_Rarely
578,Research & Development,Laboratory Technician,2,Travel_Rarely
579,Research & Development,Research Scientist,1,Travel_Rarely
580,Sales,Sales Executive,3,Travel_Rarely
581,Research & Development,Manufacturing Director,3,Travel_Rarely
582,Research & Development,Manager,3,Travel_Rarely
584,Research & Development,Laboratory Technician,1,Travel_Rarely
585,Sales,Sales Representative,1,Travel_Rarely
586,Research & Development,Healthcare Representative,3,Travel_Rarely
587,Research & Development,Healthcare Representative,3,Travel_Frequently
590,Human Resources,Human Resources,3,Travel_Frequently
591,Research & Development,Laboratory Technician,1,Travel_Frequently
592,Sales,Sales Executive,3,Non-Travel
593,Research & Development,Laboratory Technician,1,Travel_Frequently
595,Sales,Sales Executive,2,Travel_Rarely
597,Sales,Manager,4,Travel_Rarely
599,Sales,Sales Executive,2,Non-Travel
600,Sales,Sales Executive,2,Travel_Rarely
601,Research & Development,Manufacturing Director,4,Travel_Rarely
602,Research & Development,Laboratory Technician,1,Travel_Frequently
604,Sales,Sales Executive,2,Travel_Rarely
605,Research & Development,Manufacturing Director,3,Travel_Rarely
606,Sales,Sales Executive,2,Travel_Rarely
608,Human Resources,Human Resources,1,Travel_Frequently
611,Research & Development,Manufacturing Director,2,Travel_Rarely
612,Research & Development,Research Director,4,Travel_Rarely
613,Sales,Manager,3,Travel_Rarely
614,Sales,Sales Representative,1,Travel_Frequently
615,Sales,Sales Executive,3,Non-Travel
616,Research & Development,Healthcare Representative,2,Non-Travel
618,Sales,Sales Executive,2,Travel_Rarely
620,Sales,Sales Executive,2,Travel_Rarely
621,Sales,Sales Executive,2,Travel_Rarely
622,Research & Development,Laboratory Technician,1,Travel_Rarely
623,Research & Development,Manufacturing Director,3,Travel_Rarely
624,Research & Development,Healthcare Representative,3,Travel_Frequently
625,Sales,Manager,4,Travel_Rarely
626,Sales,Sales Executive,3,Non-Travel
630,Research & Development,Research Scientist,2,Travel_Rarely
631,Sales,Sales Executive,2,Non-Travel
632,Sales,Sales Representative,1,Travel_Frequently
634,Research & Development,Healthcare Representative,2,Travel_Rarely
635,Research & Development,Manufacturing Director,2,Travel_Rarely
638,Research & Development,Research Director,5,Travel_Rarely
639,Research & Development,Research Scientist,1,Travel_Rarely
641,Sales,Sales Executive,2,Travel_Rarely
643,Research & Development,Laboratory Technician,1,Travel_Rarely
644,Human Resources,Manager,5,Travel_Frequently
645,Sales,Sales Representative,1,Travel_Rarely
647,Research & Development,Laboratory Technician,1,Travel_Frequently
648,Sales,Sales Representative,1,Travel_Frequently
649,Research & Development,Research Scientist,1,Travel_Rarely
650,Sales,Sales Executive,2,Travel_Rarely
652,Research & Development,Laboratory Technician,2,Travel_Rarely
653,Sales,Sales Executive,2,Travel_Rarely
655,Research & Development,Research Scientist,1,Travel_Rarely
656,Sales,Sales Executive,2,Travel_Rarely
657,Research & Development,Research Scientist,1,Travel_Rarely
659,Research & Development,Healthcare Representative,2,Travel_Rarely
661,Research & Development,Research Director,4,Travel_Rarely
662,Research & Development,Research Scientist,1,Travel_Rarely
663,Research & Development,Laboratory Technician,2,Travel_Frequently
664,Research & Development,Manager,4,Travel_Rarely
665,Human Resources,Human Resources,2,Travel_Rarely
666,Sales,Sales Representative,1,Travel_Rarely
667,Sales,Sales Representative,1,Travel_Rarely
669,Sales,Sales Representative,1,Travel_Rarely
671,Research & Development,Manager,5,Travel_Rarely
675,Research & Development,Research Scientist,1,Travel_Rarely
677,Sales,Sales Executive,2,Travel_Rarely
679,Research & Development,Research Scientist,2,Travel_Rarely
680,Research & Development,Research Scientist,1,Travel_Frequently
682,Sales,Sales Executive,2,Travel_Rarely
683,Research & Development,Research Scientist,1,Travel_Rarely
684,Sales,Sales Executive,2,Travel_Frequently
686,Research & Development,Laboratory Technician,1,Travel_Rarely
689,Research & Development,Manufacturing Director,3,Travel_Rarely
690,Sales,Sales Executive,2,Travel_Rarely
691,Research & Development,Research Scientist,2,Travel_Rarely
692,Research & Development,Healthcare Representative,2,Travel_Frequently
698,Human Resources,Human Resources,3,Travel_Rarely
699,Research & Development,Manufacturing Director,2,Travel_Rarely
700,Research & Development,Research Scientist,1,Travel_Rarely
701,Research & Development,Research Scientist,1,Travel_Rarely
702,Research & Development,Research Scientist,1,Travel_Frequently
704,Research & Development,Laboratory Technician,1,Non-Travel
705,Research & Development,Research Scientist,1,Travel_Rarely
707,Sales,Sales Executive,2,Travel_Rarely
709,Sales,Sales Executive,2,Travel_Rarely
710,Research & Development,Research Scientist,1,Travel_Frequently
712,Sales,Sales Executive,2,Travel_Rarely
714,Sales,Sales Executive,2,Travel_Frequently
715,Research & Development,Research Scientist,1,Travel_Rarely
716,Research & Development,Laboratory Technician,1,Travel_Rarely
717,Research & Development,Healthcare Representative,3,Travel_Rarely
720,Sales,Sales Executive,2,Travel_Rarely
721,Research & Development,Healthcare Representative,2,Travel_Rarely
722,Sales,Sales Executive,2,Travel_Rarely
723,Sales,Sales Executive,2,Travel_Frequently
724,Research & Development,Healthcare Representative,2,Travel_Rarely
725,Research & Development,Manufacturing Director,3,Travel_Rarely
727,Research & Development,Research Director,3,Travel_Rarely
728,Sales,Sales Executive,2,Travel_Rarely
729,Sales,Sales Executive,3,Travel_Frequently
730,Research & Development,Research Director,4,Travel_Rarely
731,Human Resources,Manager,5,Travel_Rarely
732,Sales,Sales Executive,2,Travel_Rarely
733,Research & Development,Manufacturing Director,3,Travel_Frequently
734,Human Resources,Manager,5,Travel_Rarely
738,Sales,Sales Representative,1,Travel_Rarely
741,Research & Development,Research Scientist,1,Travel_Rarely
742,Research & Development,Research Director,3,Non-Travel
743,Research & Development,Manufacturing Director,3,Travel_Rarely
744,Research & Development,Laboratory Technician,1,Non-Travel
746,Sales,Sales Executive,4,Travel_Frequently
747,Sales,Sales Executive,2,Travel_Rarely
749,Sales,Sales Representative,1,Travel_Rarely
752,Research & Development,Research Scientist,1,Travel_Frequently
754,Sales,Sales Executive,2,Travel_Frequently
757,Research & Development,Healthcare Representative,2,Travel_Rarely
758,Research & Development,Laboratory Technician,1,Travel_Rarely
760,Human Resources,Human Resources,2,Travel_Rarely
762,Research & Development,Healthcare Representative,4,Travel_Rarely
763,Research & Development,Research Scientist,1,Travel_Rarely
764,Research & Development,Healthcare Representative,2,Travel_Rarely
766,Sales,Sales Representative,1,Travel_Rarely
769,Research & Development,Laboratory Technician,2,Travel_Rarely
771,Research & Development,Healthcare Representative,2,Non-Travel
772,Research & Development,Laboratory Technician,2,Travel_Frequently
773,Research & Development,Research Scientist,1,Travel_Rarely
775,Research & Development,Manufacturing Director,2,Travel_Rarely
776,Sales,Manager,4,Travel_Rarely
780,Research & Development,Research Scientist,1,Travel_Rarely
781,Sales,Sales Executive,2,Travel_Rarely
783,Sales,Sales Representative,2,Travel_Rarely
784,Research & Development,Research Scientist,1,Travel_Rarely
785,Sales,Sales Executive,2,Travel_Frequently
786,Sales,Sales Executive,2,Travel_Rarely
787,Research & Development,Manager,5,Travel_Rarely
789,Sales,Sales Executive,3,Non-Travel
791,Research & Development,Research Scientist,1,Non-Travel
792,Research & Development,Laboratory Technician,1,Travel_Frequently
793,Research & Development,Healthcare Representative,2,Travel_Rarely
796,Sales,Sales Executive,2,Travel_Rarely
797,Research & Development,Research Scientist,1,Travel_Rarely
799,Research & Development,Manufacturing Director,2,Travel_Rarely
800,Sales,Sales Executive,2,Travel_Frequently
802,Research & Development,Research Scientist,1,Travel_Rarely
803,Research & Development,Manufacturing Director,2,Travel_Frequently
804,Research & Development,Research Scientist,1,Travel_Rarely
805,Sales,Sales Representative,1,Travel_Rarely
806,Research & Development,Laboratory Technician,1,Travel_Rarely
807,Research & Development,Healthcare Representative,2,Travel_Frequently
808,Sales,Sales Executive,2,Travel_Rarely
809,Research & Development,Manager,5,Travel_Frequently
811,Research & Development,Laboratory Technician,1,Travel_Rarely
812,Research & Development,Laboratory Technician,1,Non-Travel
813,Research & Development,Laboratory Technician,2,Travel_Rarely
815,Research & Development,Research Director,4,Travel_Rarely
816,Research & Development,Laboratory Technician,1,Travel_Rarely
817,Research & Development,Research Director,3,Travel_Rarely
819,Sales,Sales Executive,2,Travel_Rarely
820,Research & Development,Manager,4,Travel_Rarely
823,Research & Development,Manufacturing Director,2,Travel_Rarely
824,Research & Development,Research Scientist,1,Travel_Rarely
825,Research & Development,Research Director,5,Travel_Rarely
826,Research & Development,Research Scientist,1,Travel_Rarely
827,Research & Development,Manufacturing Director,2,Travel_Rarely
828,Research & Development,Research Scientist,1,Travel_Rarely
829,Human Resources,Human Resources,1,Travel_Rarely
830,Research & Development,Manufacturing Director,2,Travel_Rarely
832,Research & Development,Laboratory Technician,2,Travel_Frequently
833,Research & Development,Manufacturing Director,2,Travel_Rarely
834,Research & Development,Research Scientist,1,Travel_Rarely
836,Research & Development,Manufacturing Director,2,Travel_Rarely
837,Research & Development,Healthcare Representative,2,Travel_Frequently
838,Research & Development,Research Scientist,1,Travel_Frequently
840,Sales,Sales Executive,3,Travel_Rarely
842,Sales,Sales Executive,2,Travel_Rarely
843,Research & Development,Research Director,4,Travel_Rarely
844,Research & Development,Research Director,3,Travel_Rarely
845,Research & Development,Manufacturing Director,3,Travel_Rarely
846,Sales,Sales Executive,2,Travel_Rarely
847,Human Resources,Human Resources,1,Travel_Rarely
848,Research & Development,Research Scientist,1,Travel_Frequently
850,Research & Development,Research Scientist,1,Non-Travel
851,Sales,Manager,4,Travel_Rarely
852,Research & Development,Healthcare Representative,2,Travel_Rarely
854,Research & Development,Research Scientist,1,Travel_Rarely
855,Sales,Sales Executive,2,Travel_Rarely
856,Research & Development,Research Scientist,1,Travel_Rarely
857,Sales,Sales Executive,2,Travel_Rarely
859,Sales,Sales Executive,2,Travel_Rarely
861,Research & Development,Research Scientist,1,Travel_Frequently
862,Sales,Sales Executive,3,Travel_Rarely
864,Sales,Sales Executive,3,Travel_Rarely
865,Research & Development,Research Scientist,2,Travel_Rarely
867,Research & Development,Manufacturing Director,4,Travel_Frequently
868,Sales,Sales Executive,2,Travel_Rarely
869,Human Resources,Human Resources,1,Travel_Rarely
872,Research & Development,Manufacturing Director,2,Travel_Rarely
874,Research & Development,Laboratory Technician,1,Travel_Rarely
875,Research & Development,Research Scientist,1,Travel_Frequently
878,Human Resources,Human Resources,1,Travel_Rarely
879,Sales,Sales Executive,2,Travel_Rarely
880,Research & Development,Manufacturing Director,3,Travel_Rarely
881,Research & Development,Research Scientist,1,Travel_Frequently
882,Research & Development,Laboratory Technician,1,Non-Travel
885,Sales,Sales Executive,2,Travel_Rarely
887,Research & Development,Research Scientist,1,Travel_Rarely
888,Research & Development,Laboratory Technician,1,Non-Travel
889,Sales,Sales Executive,2,Travel_Frequently
893,Sales,Sales Representative,1,Travel_Rarely
894,Research & Development,Laboratory Technician,2,Travel_Rarely
895,Research & Development,Research Scientist,1,Travel_Rarely
896,Sales,Sales Representative,1,Travel_Rarely
897,Sales,Sales Executive,4,Travel_Rarely
899,Research & Development,Manufacturing Director,3,Travel_Rarely
900,Sales,Sales Representative,1,Travel_Frequently
901,Research & Development,Research Director,4,Travel_Rarely
902,Research & Development,Healthcare Representative,2,Travel_Frequently
903,Sales,Sales Executive,2,Travel_Rarely
904,Sales,Sales Executive,3,Non-Travel
905,Research & Development,Manager,4,Non-Travel
909,Human Resources,Human Resources,2,Travel_Rarely
910,Human Resources,Human Resources,1,Travel_Rarely
911,Research & Development,Laboratory Technician,1,Travel_Rarely
912,Research & Development,Laboratory Technician,1,Travel_Rarely
913,Research & Development,Research Scientist,1,Travel_Rarely
916,Sales,Sales Executive,2,Travel_Rarely
918,Research & Development,Laboratory Technician,1,Travel_Frequently
920,Research & Development,Manufacturing Director,2,Travel_Rarely
922,Sales,Sales Representative,1,Travel_Rarely
923,Research & Development,Research Scientist,1,Travel_Rarely
924,Research & Development,Healthcare Representative,2,Travel_Rarely
925,Sales,Sales Representative,1,Travel_Rarely
926,Research & Development,Manufacturing Director,2,Travel_Rarely
927,Research & Development,Laboratory Technician,1,Travel_Rarely
930,Research & Development,Research Scientist,1,Travel_Rarely
932,Research & Development,Laboratory Technician,1,Travel_Rarely
933,Research & Development,Research Scientist,1,Travel_Rarely
934,Research & Development,Laboratory Technician,1,Travel_Rarely
936,Sales,Sales Executive,2,Travel_Rarely
939,Research & Development,Research Scientist,1,Travel_Rarely
940,Research & Development,Healthcare Representative,3,Travel_Rarely
941,Sales,Sales Representative,1,Travel_Rarely
942,Research & Development,Healthcare Representative,2,Travel_Rarely
944,Research & Development,Laboratory Technician,3,Travel_Rarely
945,Research & Development,Research Scientist,1,Travel_Rarely
947,Sales,Sales Executive,2,Non-Travel
949,Research & Development,Research Scientist,1,Travel_Rarely
950,Research & Development,Research Director,3,Travel_Rarely
951,Research & Development,Laboratory Technician,1,Non-Travel
952,Sales,Sales Representative,1,Travel_Rarely
954,Sales,Sales Executive,3,Travel_Rarely
956,Sales,Sales Executive,2,Travel_Frequently
957,Research & Development,Laboratory Technician,1,Travel_Rarely
958,Research & Development,Laboratory Technician,1,Travel_Rarely
959,Sales,Sales Representative,1,Travel_Rarely
960,Research & Development,Laboratory Technician,1,Travel_Rarely
961,Research & Development,Healthcare Representative,2,Travel_Rarely
964,Research & Development,Research Scientist,1,Travel_Frequently
966,Research & Development,Manufacturing Director,2,Travel_Rarely
967,Sales,Sales Executive,3,Travel_Rarely
969,Research & Development,Healthcare Representative,2,Travel_Rarely
970,Sales,Sales Executive,3,Travel_Rarely
972,Research & Development,Laboratory Technician,2,Non-Travel
974,Sales,Sales Representative,1,Travel_Frequently
975,Sales,Sales Executive,2,Travel_Rarely
976,Research & Development,Manager,4,Travel_Rarely
977,Research & Development,Research Scientist,1,Travel_Rarely
981,Sales,Manager,4,Travel_Rarely
982,Sales,Sales Executive,3,Travel_Rarely
983,Sales,Sales Executive,2,Non-Travel
984,Sales,Sales Executive,3,Travel_Rarely
985,Sales,Sales Executive,3,Travel_Rarely
986,Sales,Sales Executive,4,Non-Travel
987,Research & Development,Manufacturing Director,2,Travel_Frequently
990,Sales,Sales Executive,2,Non-Travel
991,Research & Development,Research Scientist,1,Non-Travel
992,Sales,Manager,4,Non-Travel
994,Research & Development,Research Scientist,1,Travel_Rarely
995,Research & Development,Research Scientist,1,Travel_Rarely
996,Research & Development,Laboratory Technician,1,Travel_Rarely
997,Research & Development,Research Director,4,Travel_Rarely
998,Research & Development,Healthcare Representative,2,Travel_Frequently
999,Research & Development,Research Director,5,Travel_Frequently
1001,Research & Development,Laboratory Technician,1,Travel_Rarely
1002,Research & Development,Laboratory Technician,2,Non-Travel
1003,Sales,Sales Executive,2,Travel_Rarely
1004,Research & Development,Research Scientist,1,Travel_Rarely
1005,Research & Development,Manufacturing Director,4,Travel_Rarely
1006,Research & Development,Research Scientist,1,Travel_Frequently
1007,Research & Development,Manufacturing Director,3,Travel_Rarely
1009,Research & Development,Manufacturing Director,2,Travel_Rarely
1010,Research & Development,Laboratory Technician,1,Travel_Rarely
1011,Research & Development,Manufacturing Director,2,Travel_Frequently
1012,Research & Development,Research Scientist,1,Non-Travel
1013,Research & Development,Manufacturing Director,3,Travel_Rarely
1014,Research & Development,Healthcare Representative,3,Travel_Rarely
1015,Research & Development,Research Director,3,Travel_Rarely
1016,Research & Development,Research Scientist,1,Travel_Rarely
1017,Research & Development,Laboratory Technician,1,Travel_Frequently
1018,Research & Development,Manufacturing Director,2,Travel_Rarely
1019,Research & Development,Laboratory Technician,1,Travel_Rarely
1022,Research & Development,Healthcare Representative,2,Travel_Rarely
1024,Research & Development,Healthcare Representative,3,Travel_Rarely
1025,Research & Development,Manufacturing Director,2,Travel_Rarely
1026,Research & Development,Manufacturing Director,4,Travel_Rarely
1027,Research & Development,Manufacturing Director,2,Travel_Rarely
1028,Research & Development,Laboratory Technician,1,Travel_Rarely
1029,Sales,Manager,5,Travel_Rarely
1030,Research & Development,Laboratory Technician,1,Travel_Rarely
1032,Research & Development,Manufacturing Director,4,Travel_Rarely
1033,Research & Development,Healthcare Representative,2,Travel_Rarely
1034,Research & Development,Healthcare Representative,2,Travel_Frequently
1035,Research & Development,Research Director,5,Non-Travel
1036,Sales,Sales Executive,2,Travel_Rarely
1037,Sales,Sales Executive,2,Non-Travel
1038,Sales,Manager,5,Travel_Rarely
1039,Sales,Sales Executive,4,Travel_Rarely
1040,Sales,Sales Executive,2,Non-Travel
1042,Research & Development,Laboratory Technician,1,Travel_Rarely
1043,Research & Development,Manufacturing Director,3,Travel_Frequently
1044,Sales,Sales Representative,1,Non-Travel
1045,Sales,Manager,4,Travel_Rarely
1046,Research & Development,Laboratory Technician,1,Non-Travel
1047,Sales,Sales Executive,2,Travel_Rarely
1048,Sales,Manager,3,Travel_Rarely
1049,Human Resources,Human Resources,1,Travel_Rarely
1050,Sales,Sales Executive,3,Travel_Frequently
1052,Research & Development,Laboratory Technician,2,Travel_Rarely
1053,Research & Development,Research Scientist,1,Travel_Frequently
1055,Sales,Sales Representative,1,Travel_Rarely
1056,Sales,Sales Representative,1,Travel_Rarely
1060,Research & Development,Research Scientist,1,Travel_Frequently
1061,Research & Development,Research Director,5,Travel_Rarely
1062,Research & Development,Healthcare Representative,2,Travel_Rarely
1066,Sales,Sales Executive,2,Travel_Rarely
1068,Research & Development,Research Scientist,1,Travel_Frequently
1069,Research & Development,Research Director,5,Travel_Rarely
1070,Sales,Sales Executive,3,Travel_Rarely
1071,Research & Development,Research Scientist,1,Travel_Frequently
1073,Research & Development,Manufacturing Director,3,Travel_Rarely
1074,Research & Development,Manager,4,Non-Travel
1076,Sales,Sales Executive,3,Travel_Rarely
1077,Sales,Sales Representative,1,Travel_Frequently
1079,Research & Development,Laboratory Technician,1,Travel_Rarely
1080,Research & Development,Research Scientist,2,Travel_Rarely
1081,Research & Development,Research Scientist,1,Travel_Rarely
1082,Research & Development,Healthcare Representative,3,Non-Travel
1083,Research & Development,Laboratory Technician,1,Travel_Rarely
1084,Research & Development,Manufacturing Director,2,Travel_Rarely
1085,Research & Development,Research Scientist,1,Travel_Rarely
1088,Research & Development,Healthcare Representative,3,Travel_Rarely
1092,Research & Development,Healthcare Representative,3,Travel_Rarely
1094,Research & Development,Laboratory Technician,1,Non-Travel
1096,Research & Development,Manufacturing Director,3,Travel_Frequently
1097,Research & Development,Research Scientist,2,Travel_Rarely
1098,Human Resources,Human Resources,3,Travel_Rarely
1099,Research & Development,Healthcare Representative,3,Travel_Rarely
1100,Sales,Sales Executive,3,Travel_Rarely
1101,Research & Development,Research Scientist,2,Travel_Frequently
1102,Research & Development,Laboratory Technician,1,Travel_Rarely
1103,Research & Development,Healthcare Representative,2,Travel_Frequently
1105,Sales,Sales Executive,2,Travel_Rarely
1106,Research & Development,Laboratory Technician,1,Travel_Rarely
1107,Research & Development,Laboratory Technician,1,Travel_Rarely
1108,Research & Development,Research Scientist,1,Travel_Rarely
1109,Research & Development,Manager,4,Travel_Rarely
1111,Research & Development,Laboratory Technician,1,Travel_Frequently
1113,Sales,Sales Executive,2,Travel_Frequently
1114,Sales,Sales Executive,2,Travel_Frequently
1115,Research & Development,Research Scientist,1,Non-Travel
1116,Research & Development,Manager,4,Non-Travel
1117,Sales,Sales Executive,2,Non-Travel
1118,Research & Development,Healthcare Representative,3,Travel_Rarely
1119,Sales,Sales Executive,3,Travel_Rarely
1120,Research & Development,Research Scientist,1,Travel_Rarely
1121,Research & Development,Manufacturing Director,3,Travel_Rarely
1124,Sales,Manager,4,Travel_Rarely
1125,Sales,Sales Executive,3,Travel_Rarely
1126,Research & Development,Manufacturing Director,3,Travel_Frequently
1127,Research & Development,Healthcare Representative,4,Travel_Frequently
1128,Research & Development,Research Director,5,Travel_Rarely
1131,Research & Development,Research Scientist,1,Travel_Rarely
1132,Research & Development,Laboratory Technician,2,Non-Travel
1133,Research & Development,Manufacturing Director,2,Non-Travel
1135,Sales,Sales Representative,1,Travel_Frequently
1136,Research & Development,Research Scientist,1,Travel_Rarely
1137,Sales,Sales Executive,2,Travel_Frequently
1138,Sales,Sales Executive,4,Travel_Rarely
1140,Research & Development,Manufacturing Director,2,Travel_Frequently
1143,Research & Development,Research Scientist,1,Travel_Frequently
1148,Research & Development,Laboratory Technician,2,Travel_Rarely
1150,Research & Development,Manufacturing Director,2,Travel_Rarely
1152,Human Resources,Human Resources,1,Travel_Rarely
1154,Research & Development,Research Scientist,1,Travel_Frequently
1156,Research & Development,Laboratory Technician,1,Non-Travel
1157,Sales,Sales Executive,2,Travel_Rarely
1158,Research & Development,Laboratory Technician,1,Travel_Rarely
1160,Research & Development,Laboratory Technician,1,Travel_Frequently
1161,Research & Development,Healthcare Representative,2,Travel_Rarely
1162,Research & Development,Research Scientist,1,Travel_Rarely
1163,Sales,Sales Executive,2,Travel_Rarely
1164,Human Resources,Human Resources,1,Travel_Rarely
1165,Sales,Sales Executive,3,Travel_Rarely
1166,Research & Development,Research Director,3,Travel_Frequently
1167,Sales,Sales Executive,4,Travel_Frequently
1171,Sales,Sales Executive,2,Travel_Rarely
1172,Research & Development,Laboratory Technician,1,Travel_Rarely
1173,Research & Development,Laboratory Technician,1,Travel_Rarely
1175,Research & Development,Laboratory Technician,1,Travel_Rarely
1177,Research & Development,Laboratory Technician,1,Travel_Rarely
1179,Sales,Sales Executive,2,Travel_Rarely
1180,Research & Development,Research Scientist,2,Travel_Frequently
1182,Research & Development,Manufacturing Director,3,Travel_Rarely
1184,Research & Development,Healthcare Representative,2,Travel_Frequently
1185,Research & Development,Laboratory Technician,1,Travel_Frequently
1188,Sales,Sales Executive,2,Travel_Rarely
1190,Sales,Sales Representative,1,Non-Travel
1191,Research & Development,Manager,5,Travel_Rarely
1192,Research & Development,Laboratory Technician,1,Travel_Rarely
1193,Research & Development,Research Scientist,1,Travel_Rarely
1195,Research & Development,Research Scientist,1,Travel_Rarely
1196,Research & Development,Manufacturing Director,2,Travel_Rarely
1198,Research & Development,Laboratory Technician,1,Travel_Rarely
1200,Research & Development,Research Scientist,1,Travel_Rarely
1201,Research & Development,Manager,5,Travel_Rarely
1202,Research & Development,Research Scientist,1,Travel_Rarely
1203,Research & Development,Research Scientist,1,Travel_Frequently
1204,Sales,Manager,4,Travel_Rarely
1206,Research & Development,Research Scientist,1,Non-Travel
1207,Human Resources,Human Resources,1,Travel_Rarely
1210,Research & Development,Research Scientist,1,Non-Travel
1211,Sales,Sales Executive,2,Travel_Rarely
1212,Sales,Sales Executive,2,Travel_Frequently
1215,Research & Development,Manager,4,Travel_Frequently
1216,Research & Development,Laboratory Technician,1,Travel_Rarely
1217,Research & Development,Research Director,5,Travel_Rarely
1218,Sales,Sales Executive,2,Travel_Rarely
1219,Research & Development,Laboratory Technician,1,Travel_Rarely
1220,Sales,Sales Executive,2,Travel_Frequently
1221,Research & Development,Laboratory Technician,1,Travel_Rarely
1224,Research & Development,Laboratory Technician,2,Travel_Rarely
1225,Research & Development,Research Scientist,2,Travel_Rarely
1226,Sales,Sales Representative,1,Travel_Rarely
1228,Research & Development,Manufacturing Director,2,Travel_Rarely
1231,Human Resources,Human Resources,2,Non-Travel
1233,Sales,Sales Executive,2,Travel_Rarely
1234,Research & Development,Laboratory Technician,1,Travel_Frequently
1235,Research & Development,Research Scientist,2,Travel_Frequently
1237,Research & Development,Manufacturing Director,3,Travel_Rarely
1238,Research & Development,Research Scientist,1,Travel_Rarely
1239,Sales,Sales Executive,2,Travel_Rarely
1240,Sales,Sales Executive,2,Travel_Rarely
1241,Research & Development,Research Scientist,1,Travel_Rarely
1242,Research & Development,Research Director,3,Travel_Frequently
1243,Sales,Sales Executive,3,Non-Travel
1244,Research & Development,Research Scientist,1,Travel_Rarely
1245,Research & Development,Manufacturing Director,3,Travel_Frequently
1246,Research & Development,Research Scientist,1,Travel_Rarely
1248,Research & Development,Research Scientist,1,Non-Travel
1249,Research & Development,Research Scientist,1,Travel_Rarely
1250,Research & Development,Research Director,4,Travel_Rarely
1251,Research & Development,Healthcare Representative,2,Travel_Rarely
1252,Research & Development,Healthcare Representative,2,Travel_Rarely
1254,Sales,Sales Executive,2,Travel_Rarely
1255,Research & Development,Research Director,5,Travel_Rarely
1256,Research & Development,Manager,5,Travel_Rarely
1257,Research & Development,Research Scientist,1,Travel_Frequently
1258,Research & Development,Laboratory Technician,1,Travel_Rarely
1259,Research & Development,Research Scientist,1,Travel_Rarely
1260,Research & Development,Healthcare Representative,2,Travel_Rarely
1263,Research & Development,Research Director,5,Travel_Rarely
1264,Research & Development,Research Director,4,Travel_Rarely
1265,Research & Development,Research Scientist,1,Travel_Rarely
1267,Sales,Manager,5,Travel_Rarely
1268,Sales,Sales Executive,3,Travel_Rarely
1269,Research & Development,Research Scientist,1,Travel_Rarely
1270,Research & Development,Research Scientist,1,Travel_Rarely
1273,Sales,Sales Representative,1,Travel_Frequently
1275,Research & Development,Research Scientist,1,Travel_Rarely
1277,Sales,Manager,5,Travel_Rarely
1278,Research & Development,Healthcare Representative,4,Non-Travel
1279,Research & Development,Laboratory Technician,1,Travel_Frequently
1280,Sales,Manager,5,Travel_Rarely
1281,Sales,Sales Executive,2,Travel_Rarely
1282,Sales,Manager,5,Travel_Frequently
1283,Research & Development,Manufacturing Director,3,Travel_Rarely
1285,Research & Development,Laboratory Technician,2,Travel_Frequently
1286,Research & Development,Laboratory Technician,1,Travel_Frequently
1288,Research & Development,Manager,5,Travel_Rarely
1289,Human Resources,Human Resources,2,Travel_Frequently
1291,Research & Development,Research Scientist,1,Travel_Rarely
1292,Research & Development,Research Scientist,2,Travel_Rarely
1293,Sales,Sales Executive,3,Travel_Rarely
1294,Research & Development,Manufacturing Director,2,Travel_Rarely
1295,Research & Development,Healthcare Representative,3,Travel_Rarely
1296,Research & Development,Laboratory Technician,1,Travel_Frequently
1297,Research & Development,Laboratory Technician,1,Travel_Frequently
1298,Research & Development,Manufacturing Director,2,Non-Travel
1299,Research & Development,Laboratory Technician,1,Travel_Rarely
1301,Research & Development,Research Scientist,1,Travel_Rarely
1303,Research & Development,Research Scientist,1,Travel_Rarely
1304,Sales,Sales Executive,2,Travel_Rarely
1306,Research & Development,Manager,5,Travel_Frequently
1307,Research & Development,Manager,4,Travel_Rarely
1308,Research & Development,Research Scientist,1,Travel_Rarely
1309,Research & Development,Laboratory Technician,2,Travel_Rarely
1310,Research & Development,Research Scientist,1,Travel_Rarely
1311,Research & Development,Laboratory Technician,2,Travel_Rarely
1312,Research & Development,Healthcare Representative,3,Travel_Rarely
1314,Human Resources,Human Resources,1,Travel_Rarely
1315,Research & Development,Laboratory Technician,2,Non-Travel
1317,Research & Development,Research Director,4,Travel_Rarely
1318,Sales,Sales Executive,3,Travel_Rarely
1319,Sales,Sales Executive,3,Travel_Rarely
1321,Research & Development,Manager,3,Travel_Rarely
1322,Research & Development,Manufacturing Director,2,Travel_Rarely
1324,Sales,Sales Executive,3,Non-Travel
1329,Sales,Sales Executive,2,Non-Travel
1331,Sales,Sales Representative,1,Travel_Frequently
1333,Research & Development,Laboratory Technician,1,Travel_Rarely
1334,Research & Development,Manager,4,Non-Travel
1336,Research & Development,Manager,5,Travel_Rarely
1338,Human Resources,Manager,5,Travel_Rarely
1340,Research & Development,Research Scientist,1,Non-Travel
1344,Research & Development,Healthcare Representative,3,Travel_Rarely
1346,Research & Development,Research Scientist,2,Travel_Rarely
1349,Sales,Sales Executive,2,Travel_Frequently
1350,Research & Development,Research Scientist,2,Travel_Frequently
1352,Human Resources,Manager,4,Travel_Rarely
1355,Sales,Sales Executive,2,Travel_Rarely
1356,Sales,Sales Executive,2,Travel_Rarely
1358,Research & Development,Laboratory Technician,1,Travel_Rarely
1360,Research & Development,Manufacturing Director,3,Travel_Rarely
1361,Research & Development,Laboratory Technician,1,Travel_Rarely
1362,Sales,Sales Executive,2,Travel_Frequently
1363,Research & Development,Manufacturing Director,3,Travel_Rarely
1364,Sales,Sales Representative,1,Travel_Rarely
1367,Research & Development,Manufacturing Director,4,Travel_Rarely
1368,Research & Development,Laboratory Technician,1,Non-Travel
1369,Research & Development,Laboratory Technician,2,Travel_Rarely
1371,Sales,Sales Executive,2,Travel_Frequently
1372,Sales,Sales Executive,4,Travel_Rarely
1373,Research & Development,Manufacturing Director,4,Travel_Rarely
1374,Research & Development,Research Scientist,1,Non-Travel
1375,Research & Development,Healthcare Representative,2,Travel_Rarely
1377,Research & Development,Laboratory Technician,2,Travel_Rarely
1379,Sales,Sales Representative,1,Travel_Frequently
1380,Sales,Sales Executive,2,Travel_Frequently
1382,Research & Development,Research Scientist,1,Travel_Frequently
1383,Research & Development,Healthcare Representative,2,Travel_Rarely
1387,Sales,Sales Executive,2,Travel_Rarely
1389,Research & Development,Manufacturing Director,2,Travel_Rarely
1390,Sales,Sales Executive,2,Travel_Rarely
1391,Sales,Sales Executive,3,Travel_Frequently
1392,Research & Development,Research Scientist,2,Travel_Frequently
1394,Research & Development,Research Scientist,1,Travel_Rarely
1395,Sales,Sales Executive,2,Travel_Frequently
1396,Sales,Sales Executive,2,Travel_Rarely
1397,Research & Development,Healthcare Representative,3,Non-Travel
1399,Sales,Sales Executive,2,Travel_Rarely
1401,Research & Development,Manufacturing Director,4,Travel_Frequently
1402,Research & Development,Research Scientist,2,Travel_Rarely
1403,Sales,Sales Executive,2,Travel_Rarely
1405,Research & Development,Research Scientist,1,Travel_Rarely
1407,Research & Development,Research Scientist,1,Travel_Rarely
1408,Human Resources,Manager,4,Travel_Rarely
1409,Research & Development,Laboratory Technician,1,Travel_Rarely
1411,Research & Development,Laboratory Technician,1,Travel_Rarely
1412,Research & Development,Manufacturing Director,3,Travel_Frequently
1415,Research & Development,Laboratory Technician,1,Travel_Rarely
1417,Research & Development,Laboratory Technician,1,Travel_Rarely
1419,Human Resources,Human Resources,3,Travel_Rarely
1420,Research & Development,Laboratory Technician,2,Travel_Frequently
1421,Research & Development,Healthcare Representative,3,Travel_Frequently
1422,Research & Development,Research Director,4,Travel_Rarely
1423,Research & Development,Research Director,5,Travel_Rarely
1424,Research & Development,Research Director,4,Travel_Rarely
1425,Sales,Sales Executive,2,Travel_Rarely
1427,Sales,Sales Representative,1,Travel_Frequently
1428,Sales,Sales Executive,2,Travel_Rarely
1430,Research & Development,Research Director,4,Travel_Rarely
1431,Research & Development,Research Scientist,1,Travel_Frequently
1433,Research & Development,Research Scientist,1,Travel_Rarely
1434,Research & Development,Laboratory Technician,1,Travel_Rarely
1435,Research & Development,Laboratory Technician,2,Travel_Rarely
1436,Sales,Sales Executive,2,Travel_Rarely
1438,Research & Development,Research Scientist,1,Travel_Rarely
1439,Sales,Sales Representative,1,Travel_Rarely
1440,Research & Development,Laboratory Technician,1,Non-Travel
1441,Research & Development,Research Scientist,1,Travel_Rarely
1443,Research & Development,Research Director,4,Travel_Rarely
1445,Sales,Sales Executive,2,Travel_Rarely
1446,Sales,Sales Executive,2,Travel_Rarely
1447,Research & Development,Laboratory Technician,1,Travel_Rarely
1448,Research & Development,Research Scientist,1,Travel_Rarely
1449,Research & Development,Laboratory Technician,2,Non-Travel
1453,Sales,Sales Executive,3,Travel_Rarely
1457,Sales,Sales Executive,3,Travel_Rarely
1458,Research & Development,Laboratory Technician,1,Non-Travel
1459,Research & Development,Manufacturing Director,3,Travel_Frequently
1460,Research & Development,Healthcare Representative,3,Travel_Rarely
1461,Human Resources,Human Resources,1,Travel_Rarely
1464,Research & Development,Laboratory Technician,1,Travel_Frequently
1465,Research & Development,Manufacturing Director,3,Travel_Rarely
1466,Sales,Sales Executive,2,Travel_Rarely
1467,Human Resources,Human Resources,1,Travel_Rarely
1468,Research & Development,Research Director,3,Non-Travel
1469,Sales,Sales Executive,2,Travel_Rarely
1471,Research & Development,Laboratory Technician,1,Non-Travel
1472,Research & Development,Research Director,4,Travel_Rarely
1473,Research & Development,Healthcare Representative,2,Travel_Rarely
1474,Research & Development,Research Scientist,1,Travel_Rarely
1475,Research & Development,Research Scientist,1,Travel_Rarely
1477,Sales,Sales Executive,2,Travel_Frequently
1478,Sales,Sales Executive,2,Travel_Rarely
1479,Sales,Sales Executive,2,Travel_Rarely
1480,Research & Development,Laboratory Technician,1,Travel_Frequently
1481,Sales,Sales Executive,2,Travel_Frequently
1482,Research & Development,Research Scientist,1,Non-Travel
1483,Research & Development,Research Scientist,2,Travel_Rarely
1484,Research & Development,Healthcare Representative,3,Travel_Rarely
1485,Research & Development,Research Director,4,Travel_Frequently
1486,Sales,Sales Representative,1,Travel_Frequently
1487,Sales,Sales Executive,2,Travel_Frequently
1489,Sales,Sales Executive,2,Travel_Rarely
1492,Sales,Sales Representative,1,Travel_Rarely
1494,Research & Development,Laboratory Technician,1,Travel_Frequently
1495,Sales,Sales Representative,1,Non-Travel
1496,Research & Development,Manufacturing Director,3,Travel_Frequently
1497,Sales,Sales Executive,2,Travel_Rarely
1499,Human Resources,Human Resources,1,Travel_Rarely
1501,Research & Development,Healthcare Representative,2,Travel_Rarely
1502,Research & Development,Laboratory Technician,1,Travel_Rarely
1503,Sales,Sales Executive,2,Travel_Rarely
1504,Research & Development,Laboratory Technician,1,Travel_Frequently
1506,Research & Development,Research Scientist,1,Travel_Rarely
1507,Sales,Sales Executive,2,Travel_Frequently
1509,Research & Development,Laboratory Technician,2,Travel_Rarely
1513,Research & Development,Laboratory Technician,1,Travel_Frequently
1514,Research & Development,Manufacturing Director,2,Travel_Rarely
1515,Research & Development,Healthcare Representative,2,Travel_Rarely
1516,Research & Development,Manager,3,Travel_Rarely
1520,Research & Development,Manager,4,Travel_Frequently
1522,Research & Development,Research Scientist,1,Travel_Rarely
1523,Research & Development,Research Director,4,Travel_Rarely
1525,Research & Development,Manufacturing Director,3,Travel_Rarely
1527,Sales,Manager,4,Travel_Rarely
1529,Research & Development,Healthcare Representative,3,Travel_Rarely
1533,Research & Development,Laboratory Technician,2,Travel_Rarely
1534,Research & Development,Laboratory Technician,1,Travel_Rarely
1535,Sales,Sales Executive,3,Travel_Rarely
1537,Research & Development,Research Scientist,1,Travel_Frequently
1539,Research & Development,Research Director,4,Travel_Frequently
1541,Sales,Sales Representative,1,Travel_Rarely
1542,Research & Development,Laboratory Technician,1,Travel_Rarely
1543,Research & Development,Research Scientist,2,Travel_Rarely
1544,Research & Development,Healthcare Representative,2,Travel_Rarely
1545,Research & Development,Manufacturing Director,2,Travel_Rarely
1546,Research & Development,Research Scientist,1,Travel_Rarely
1547,Research & Development,Healthcare Representative,3,Travel_Frequently
1548,Sales,Sales Executive,2,Travel_Rarely
1549,Research & Development,Laboratory Technician,2,Travel_Rarely
1550,Human Resources,Manager,4,Travel_Rarely
1551,Research & Development,Laboratory Technician,1,Travel_Rarely
1552,Research & Development,Healthcare Representative,2,Non-Travel
1553,Research & Development,Healthcare Representative,3,Travel_Rarely
1554,Sales,Sales Representative,1,Travel_Rarely
1555,Research & Development,Research Scientist,2,Travel_Rarely
1556,Sales,Sales Representative,1,Travel_Rarely
1557,Sales,Sales Executive,2,Travel_Rarely
1558,Research & Development,Research Scientist,1,Travel_Rarely
1560,Sales,Sales Executive,2,Travel_Rarely
1562,Sales,Sales Executive,2,Travel_Rarely
1563,Human Resources,Human Resources,2,Travel_Frequently
1564,Research & Development,Laboratory Technician,1,Travel_Rarely
1568,Sales,Sales Executive,3,Travel_Rarely
1569,Research & Development,Laboratory Technician,1,Travel_Rarely
1572,Research & Development,Manufacturing Director,3,Travel_Rarely
1573,Research & Development,Manufacturing Director,2,Travel_Rarely
1574,Research & Development,Research Scientist,2,Non-Travel
1576,Research & Development,Research Scientist,1,Travel_Rarely
1577,Research & Development,Research Scientist,1,Travel_Rarely
1578,Sales,Manager,5,Travel_Rarely
1580,Research & Development,Research Scientist,2,Travel_Rarely
1581,Research & Development,Research Scientist,1,Travel_Rarely
1582,Sales,Sales Executive,2,Travel_Rarely
1583,Sales,Sales Executive,2,Travel_Rarely
1585,Sales,Sales Executive,2,Travel_Rarely
1586,Research & Development,Laboratory Technician,1,Travel_Rarely
1587,Research & Development,Healthcare Representative,2,Travel_Rarely
1588,Sales,Sales Executive,3,Travel_Rarely
1590,Research & Development,Healthcare Representative,2,Travel_Frequently
1591,Sales,Manager,5,Travel_Rarely
1592,Research & Development,Research Scientist,1,Travel_Rarely
1594,Research & Development,Laboratory Technician,2,Travel_Frequently
1595,Research & Development,Manager,5,Travel_Rarely
1596,Research & Development,Laboratory Technician,2,Travel_Rarely
1597,Research & Development,Healthcare Representative,2,Travel_Frequently
1598,Sales,Sales Executive,2,Travel_Rarely
1599,Research & Development,Laboratory Technician,1,Travel_Rarely
1601,Research & Development,Laboratory Technician,1,Travel_Rarely
1602,Sales,Manager,4,Travel_Rarely
1604,Research & Development,Laboratory Technician,1,Travel_Rarely
1605,Research & Development,Research Scientist,1,Non-Travel
1606,Research & Development,Healthcare Representative,4,Travel_Frequently
1607,Research & Development,Research Scientist,1,Travel_Rarely
1608,Research & Development,Research Director,5,Travel_Rarely
1609,Research & Development,Research Scientist,1,Travel_Rarely
1611,Research & Development,Laboratory Technician,2,Travel_Rarely
1612,Sales,Sales Executive,2,Non-Travel
1613,Sales,Sales Executive,2,Travel_Frequently
1614,Research & Development,Manufacturing Director,2,Travel_Rarely
1615,Research & Development,Manufacturing Director,2,Travel_Frequently
1617,Research & Development,Laboratory Technician,1,Travel_Rarely
1618,Research & Development,Manufacturing Director,2,Travel_Rarely
1619,Research & Development,Laboratory Technician,1,Travel_Rarely
1621,Research & Development,Research Scientist,2,Travel_Rarely
1622,Research & Development,Manufacturing Director,2,Travel_Rarely
1623,Research & Development,Research Scientist,1,Travel_Rarely
1624,Sales,Sales Representative,1,Travel_Frequently
1625,Human Resources,Manager,5,Travel_Rarely
1627,Research & Development,Laboratory Technician,2,Travel_Rarely
1628,Research & Development,Manufacturing Director,3,Travel_Rarely
1630,Research & Development,Healthcare Representative,2,Non-Travel
1631,Research & Development,Manufacturing Director,2,Travel_Rarely
1633,Research & Development,Manufacturing Director,2,Travel_Frequently
1635,Research & Development,Manufacturing Director,2,Travel_Rarely
1638,Research & Development,Manufacturing Director,3,Travel_Rarely
1639,Sales,Sales Executive,3,Travel_Rarely
1640,Research & Development,Research Scientist,1,Travel_Rarely
1641,Research & Development,Manufacturing Director,3,Travel_Rarely
1642,Human Resources,Human Resources,2,Travel_Frequently
1644,Research & Development,Manager,4,Travel_Frequently
1645,Sales,Sales Executive,2,Travel_Rarely
1646,Research & Development,Research Scientist,1,Travel_Frequently
1647,Research & Development,Research Scientist,1,Travel_Rarely
1648,Research & Development,Research Scientist,1,Travel_Frequently
1649,Research & Development,Laboratory Technician,1,Travel_Rarely
1650,Sales,Sales Executive,2,Travel_Rarely
1651,Research & Development,Healthcare Representative,3,Travel_Rarely
1653,Research & Development,Manufacturing Director,2,Travel_Frequently
1654,Research & Development,Manufacturing Director,2,Travel_Rarely
1655,Research & Development,Research Director,4,Travel_Rarely
1656,Research & Development,Research Director,3,Travel_Rarely
1657,Sales,Sales Representative,1,Travel_Rarely
1658,Research & Development,Research Scientist,2,Travel_Rarely
1659,Research & Development,Laboratory Technician,1,Travel_Rarely
1661,Research & Development,Healthcare Representative,4,Travel_Rarely
1662,Research & Development,Manufacturing Director,2,Non-Travel
1664,Research & Development,Healthcare Representative,2,Travel_Rarely
1665,Research & Development,Manager,4,Travel_Rarely
1666,Research & Development,Research Director,4,Travel_Rarely
1667,Sales,Sales Executive,2,Travel_Frequently
1668,Research & Development,Research Scientist,2,Travel_Frequently
1669,Sales,Sales Executive,2,Travel_Rarely
1670,Sales,Sales Executive,2,Travel_Rarely
1671,Research & Development,Research Scientist,2,Travel_Rarely
1673,Sales,Sales Executive,2,Travel_Rarely
1674,Research & Development,Laboratory Technician,1,Travel_Rarely
1675,Research & Development,Laboratory Technician,1,Travel_Frequently
1676,Sales,Manager,4,Travel_Rarely
1677,Research & Development,Manager,4,Travel_Rarely
1678,Sales,Sales Executive,3,Travel_Rarely
1680,Sales,Sales Representative,1,Travel_Rarely
1681,Sales,Sales Executive,2,Non-Travel
1682,Research & Development,Healthcare Representative,2,Travel_Rarely
1683,Human Resources,Human Resources,1,Travel_Rarely
1684,Research & Development,Laboratory Technician,1,Travel_Rarely
1687,Research & Development,Laboratory Technician,1,Travel_Rarely
1689,Research & Development,Healthcare Representative,3,Travel_Rarely
1691,Sales,Sales Representative,1,Travel_Frequently
1692,Research & Development,Laboratory Technician,1,Travel_Rarely
1693,Research & Development,Laboratory Technician,1,Non-Travel
1694,Research & Development,Research Scientist,1,Travel_Rarely
1696,Research & Development,Laboratory Technician,2,Travel_Rarely
1697,Research & Development,Healthcare Representative,3,Travel_Rarely
1698,Research & Development,Laboratory Technician,1,Travel_Rarely
1700,Sales,Sales Executive,2,Travel_Frequently
1701,Research & Development,Research Scientist,1,Travel_Rarely
1702,Sales,Sales Representative,1,Travel_Rarely
1703,Research & Development,Healthcare Representative,3,Travel_Rarely
1704,Research & Development,Research Scientist,1,Travel_Frequently
1706,Sales,Sales Executive,2,Travel_Rarely
1707,Research & Development,Research Scientist,1,Travel_Rarely
1708,Sales,Sales Executive,3,Travel_Rarely
1709,Research & Development,Laboratory Technician,1,Travel_Rarely
1710,Sales,Sales Representative,2,Travel_Rarely
1712,Research & Development,Healthcare Representative,3,Non-Travel
1714,Human Resources,Human Resources,1,Travel_Rarely
1716,Sales,Sales Executive,4,Travel_Frequently
1718,Research & Development,Laboratory Technician,1,Travel_Rarely
1719,Research & Development,Research Director,4,Travel_Rarely
1720,Research & Development,Research Scientist,1,Travel_Frequently
1721,Research & Development,Laboratory Technician,1,Travel_Rarely
1722,Human Resources,Human Resources,2,Non-Travel
1724,Research & Development,Manufacturing Director,2,Travel_Rarely
1725,Research & Development,Laboratory Technician,1,Travel_Rarely
1727,Research & Development,Healthcare Representative,2,Travel_Rarely
1728,Research & Development,Manufacturing Director,2,Travel_Rarely
1729,Research & Development,Research Scientist,1,Travel_Rarely
1731,Sales,Sales Executive,2,Non-Travel
1732,Sales,Sales Executive,3,Travel_Rarely
1733,Sales,Sales Executive,2,Travel_Rarely
1734,Sales,Sales Executive,2,Travel_Rarely
1735,Research & Development,Laboratory Technician,1,Travel_Rarely
1736,Research & Development,Manufacturing Director,2,Travel_Frequently
1737,Research & Development,Laboratory Technician,2,Non-Travel
1739,Sales,Sales Executive,3,Travel_Rarely
1740,Sales,Manager,5,Travel_Rarely
1744,Human Resources,Human Resources,3,Travel_Rarely
1745,Research & Development,Research Scientist,1,Travel_Frequently
1746,Human Resources,Human Resources,1,Travel_Frequently
1747,Human Resources,Human Resources,1,Travel_Frequently
1749,Sales,Sales Executive,2,Travel_Rarely
1751,Research & Development,Research Scientist,1,Travel_Rarely
1752,Sales,Sales Representative,1,Travel_Rarely
1753,Research & Development,Healthcare Representative,2,Travel_Frequently
1754,Sales,Sales Executive,3,Travel_Rarely
1755,Research & Development,Research Scientist,1,Travel_Rarely
1756,Sales,Sales Executive,2,Non-Travel
1757,Sales,Sales Executive,2,Travel_Rarely
1758,Sales,Sales Executive,3,Travel_Rarely
1760,Research & Development,Laboratory Technician,1,Travel_Frequently
1761,Sales,Sales Executive,3,Travel_Rarely
1762,Research & Development,Research Scientist,1,Travel_Rarely
1763,Research & Development,Healthcare Representative,2,Travel_Rarely
1764,Research & Development,Research Scientist,1,Non-Travel
1766,Research & Development,Healthcare Representative,2,Travel_Rarely
1767,Research & Development,Research Scientist,1,Travel_Frequently
1768,Research & Development,Laboratory Technician,1,Travel_Rarely
1770,Research & Development,Research Director,5,Travel_Rarely
1771,Research & Development,Research Scientist,2,Non-Travel
1772,Research & Development,Laboratory Technician,1,Travel_Rarely
1774,Sales,Sales Executive,2,Non-Travel
1775,Research & Development,Manufacturing Director,4,Non-Travel
1778,Human Resources,Human Resources,1,Travel_Rarely
1779,Sales,Sales Executive,2,Travel_Rarely
1780,Sales,Sales Representative,1,Travel_Rarely
1782,Research & Development,Laboratory Technician,1,Travel_Rarely
1783,Research & Development,Laboratory Technician,1,Travel_Rarely
1784,Sales,Sales Executive,2,Travel_Rarely
1786,Research & Development,Manager,3,Travel_Rarely
1787,Sales,Sales Executive,2,Travel_Rarely
1789,Research & Development,Research Director,5,Travel_Rarely
1790,Research & Development,Healthcare Representative,3,Travel_Rarely
1792,Research & Development,Research Scientist,1,Travel_Frequently
1794,Human Resources,Human Resources,2,Travel_Rarely
1797,Sales,Sales Executive,2,Travel_Rarely
1798,Research & Development,Research Scientist,1,Travel_Rarely
1799,Research & Development,Research Scientist,1,Travel_Rarely
1800,Research & Development,Research Director,3,Travel_Rarely
1801,Sales,Sales Executive,2,Non-Travel
1802,Research & Development,Laboratory Technician,1,Travel_Rarely
1803,Research & Development,Healthcare Representative,2,Travel_Rarely
1804,Research & Development,Manufacturing Director,2,Non-Travel
1805,Human Resources,Human Resources,1,Non-Travel
1807,Research & Development,Laboratory Technician,2,Travel_Frequently
1809,Research & Development,Manufacturing Director,2,Travel_Rarely
1812,Sales,Sales Executive,2,Travel_Frequently
1813,Research & Development,Research Scientist,1,Non-Travel
1814,Research & Development,Healthcare Representative,2,Travel_Rarely
1815,Sales,Sales Executive,3,Travel_Rarely
1816,Research & Development,Manufacturing Director,3,Travel_Rarely
1818,Human Resources,Human Resources,1,Travel_Rarely
1821,Research & Development,Healthcare Representative,2,Travel_Rarely
1822,Research & Development,Healthcare Representative,2,Travel_Rarely
1823,Sales,Sales Executive,2,Travel_Rarely
1824,Sales,Manager,4,Non-Travel
1826,Research & Development,Laboratory Technician,1,Travel_Rarely
1827,Research & Development,Manufacturing Director,3,Travel_Rarely
1829,Research & Development,Healthcare Representative,2,Travel_Rarely
1830,Research & Development,Research Scientist,2,Travel_Rarely
1833,Sales,Sales Executive,3,Travel_Frequently
1834,Research & Development,Research Scientist,1,Travel_Rarely
1835,Sales,Sales Representative,2,Travel_Rarely
1836,Sales,Sales Executive,2,Travel_Rarely
1837,Research & Development,Research Director,4,Travel_Frequently
1839,Research & Development,Research Scientist,1,Non-Travel
1842,Human Resources,Human Resources,1,Travel_Rarely
1844,Human Resources,Human Resources,1,Travel_Rarely
1845,Sales,Sales Executive,2,Non-Travel
1847,Research & Development,Research Scientist,2,Travel_Rarely
1849,Sales,Sales Executive,2,Travel_Frequently
1850,Research & Development,Laboratory Technician,1,Travel_Frequently
1852,Research & Development,Laboratory Technician,1,Travel_Frequently
1853,Sales,Sales Executive,2,Travel_Frequently
1854,Research & Development,Research Scientist,1,Non-Travel
1856,Research & Development,Laboratory Technician,1,Travel_Rarely
1857,Research & Development,Manufacturing Director,3,Travel_Rarely
1858,Human Resources,Human Resources,1,Non-Travel
1859,Research & Development,Healthcare Representative,2,Travel_Rarely
1860,Research & Development,Laboratory Technician,1,Travel_Rarely
1862,Sales,Sales Executive,2,Travel_Rarely
1863,Sales,Sales Executive,4,Travel_Rarely
1864,Sales,Sales Representative,2,Travel_Rarely
1865,Human Resources,Human Resources,1,Travel_Rarely
1866,Research & Development,Manager,5,Travel_Rarely
1867,Research & Development,Research Director,5,Travel_Rarely
1868,Research & Development,Research Scientist,1,Travel_Frequently
1869,Sales,Sales Executive,3,Travel_Rarely
1870,Research & Development,Research Scientist,1,Travel_Frequently
1871,Research & Development,Research Scientist,2,Travel_Rarely
1873,Research & Development,Research Scientist,1,Travel_Rarely
1875,Sales,Sales Representative,1,Travel_Rarely
1876,Sales,Sales Representative,1,Travel_Rarely
1878,Research & Development,Research Scientist,1,Travel_Rarely
1880,Sales,Sales Executive,2,Travel_Rarely
1881,Research & Development,Laboratory Technician,2,Travel_Rarely
1882,Sales,Sales Executive,3,Travel_Rarely
1883,Research & Development,Laboratory Technician,1,Travel_Rarely
1885,Research & Development,Research Scientist,2,Travel_Rarely
1886,Research & Development,Manufacturing Director,2,Travel_Rarely
1888,Research & Development,Manufacturing Director,2,Travel_Rarely
1890,Human Resources,Human Resources,2,Travel_Frequently
1892,Research & Development,Manager,4,Travel_Rarely
1893,Research & Development,Research Scientist,1,Travel_Rarely
1898,Sales,Sales Executive,2,Travel_Rarely
1900,Research & Development,Manager,4,Travel_Frequently
1903,Research & Development,Healthcare Representative,2,Travel_Rarely
1905,Research & Development,Research Scientist,1,Non-Travel
1907,Research & Development,Laboratory Technician,1,Travel_Rarely
1908,Sales,Sales Executive,2,Travel_Rarely
1909,Sales,Sales Executive,2,Travel_Rarely
1911,Research & Development,Research Director,3,Travel_Rarely
1912,Sales,Sales Executive,2,Travel_Rarely
1915,Sales,Sales Executive,2,Travel_Rarely
1916,Research & Development,Laboratory Technician,1,Travel_Rarely
1918,Research & Development,Laboratory Technician,1,Travel_Frequently
1922,Research & Development,Healthcare Representative,2,Travel_Frequently
1924,Sales,Sales Executive,2,Travel_Rarely
1927,Sales,Sales Executive,2,Travel_Frequently
1928,Sales,Sales Representative,1,Travel_Frequently
1929,Sales,Sales Executive,2,Non-Travel
1931,Research & Development,Research Scientist,1,Travel_Rarely
1932,Research & Development,Research Scientist,2,Travel_Frequently
1933,Sales,Sales Executive,2,Travel_Rarely
1934,Research & Development,Research Scientist,2,Non-Travel
1935,Sales,Sales Executive,2,Travel_Rarely
1936,Research & Development,Manufacturing Director,2,Travel_Rarely
1937,Research & Development,Research Scientist,2,Travel_Frequently
1938,Sales,Manager,4,Travel_Rarely
1939,Research & Development,Research Scientist,1,Travel_Frequently
1940,Research & Development,Research Scientist,1,Travel_Rarely
1941,Research & Development,Research Director,5,Travel_Frequently
1943,Sales,Sales Executive,2,Travel_Rarely
1944,Human Resources,Human Resources,1,Travel_Frequently
1945,Sales,Sales Executive,2,Travel_Rarely
1947,Research & Development,Research Scientist,1,Non-Travel
1948,Research & Development,Research Scientist,1,Non-Travel
1949,Research & Development,Laboratory Technician,1,Non-Travel
1950,Sales,Sales Executive,3,Travel_Rarely
1951,Sales,Sales Executive,3,Travel_Rarely
1952,Research & Development,Laboratory Technician,1,Travel_Rarely
1954,Research & Development,Healthcare Representative,2,Travel_Rarely
1955,Research & Development,Healthcare Representative,2,Non-Travel
1956,Research & Development,Research Scientist,2,Travel_Frequently
1960,Research & Development,Laboratory Technician,1,Travel_Rarely
1961,Sales,Sales Representative,1,Travel_Rarely
1962,Sales,Sales Executive,2,Travel_Rarely
1965,Sales,Sales Executive,2,Travel_Rarely
1966,Research & Development,Manufacturing Director,2,Travel_Rarely
1967,Sales,Sales Executive,2,Travel_Frequently
1968,Sales,Sales Executive,3,Travel_Rarely
1969,Research & Development,Research Scientist,2,Travel_Rarely
1970,Research & Development,Healthcare Representative,2,Travel_Frequently
1971,Research & Development,Healthcare Representative,3,Travel_Rarely
1972,Human Resources,Human Resources,1,Travel_Frequently
1973,Human Resources,Manager,5,Travel_Rarely
1974,Research & Development,Laboratory Technician,1,Travel_Rarely
1975,Sales,Sales Executive,4,Travel_Rarely
1976,Research & Development,Research Scientist,2,Non-Travel
1979,Research & Development,Research Director,3,Non-Travel
1980,Research & Development,Manufacturing Director,2,Travel_Rarely
1981,Research & Development,Healthcare Representative,2,Travel_Rarely
1982,Research & Development,Laboratory Technician,1,Travel_Rarely
1985,Research & Development,Laboratory Technician,2,Travel_Frequently
1986,Sales,Sales Executive,2,Travel_Rarely
1987,Human Resources,Human Resources,1,Travel_Rarely
1989,Research & Development,Laboratory Technician,1,Travel_Rarely
1992,Research & Development,Laboratory Technician,1,Travel_Rarely
1993,Research & Development,Healthcare Representative,3,Travel_Rarely
1994,Research & Development,Laboratory Technician,1,Non-Travel
1995,Sales,Sales Executive,2,Travel_Rarely
1996,Sales,Sales Representative,1,Travel_Rarely
1997,Research & Development,Manufacturing Director,2,Travel_Frequently
1998,Research & Development,Research Scientist,2,Travel_Rarely
1999,Research & Development,Research Scientist,1,Travel_Rarely
2000,Research & Development,Research Director,3,Non-Travel
2003,Research & Development,Laboratory Technician,1,Travel_Rarely
2007,Research & Development,Research Scientist,1,Travel_Rarely
2008,Research & Development,Research Scientist,2,Travel_Rarely
2009,Research & Development,Healthcare Representative,2,Travel_Rarely
2010,Research & Development,Laboratory Technician,1,Travel_Rarely
2012,Research & Development,Laboratory Technician,1,Travel_Rarely
2013,Sales,Sales Representative,1,Travel_Rarely
2014,Research & Development,Research Scientist,2,Travel_Rarely
2015,Research & Development,Research Director,3,Travel_Rarely
2016,Sales,Sales Executive,3,Travel_Rarely
2017,Research & Development,Research Director,3,Travel_Rarely
2018,Sales,Sales Executive,2,Travel_Rarely
2019,Sales,Sales Representative,1,Non-Travel
2020,Research & Development,Research Scientist,1,Travel_Rarely
2021,Sales,Sales Representative,1,Travel_Rarely
2022,Research & Development,Manager,5,Non-Travel
2023,Sales,Sales Representative,1,Travel_Frequently
2024,Sales,Sales Executive,3,Travel_Rarely
2025,Research & Development,Manufacturing Director,2,Travel_Frequently
2026,Research & Development,Healthcare Representative,2,Non-Travel
2027,Research & Development,Research Scientist,1,Travel_Rarely
2031,Research & Development,Manager,5,Travel_Rarely
2032,Research & Development,Laboratory Technician,1,Travel_Rarely
2034,Research & Development,Manufacturing Director,4,Travel_Rarely
2035,Sales,Sales Executive,2,Travel_Rarely
2036,Sales,Sales Executive,2,Non-Travel
2037,Sales,Sales Executive,2,Travel_Rarely
2038,Research & Development,Research Scientist,1,Travel_Rarely
2040,Human Resources,Human Resources,3,Travel_Rarely
2041,Sales,Sales Executive,2,Travel_Rarely
2044,Sales,Sales Executive,2,Travel_Frequently
2045,Sales,Sales Executive,2,Travel_Rarely
2046,Sales,Sales Executive,2,Travel_Rarely
2048,Research & Development,Research Scientist,1,Travel_Rarely
2049,Research & Development,Healthcare Representative,2,Travel_Frequently
2051,Research & Development,Research Scientist,1,Travel_Rarely
2052,Research & Development,Research Scientist,1,Travel_Rarely
2053,Research & Development,Laboratory Technician,2,Travel_Rarely
2054,Research & Development,Research Scientist,1,Travel_Rarely
2055,Sales,Sales Executive,3,Travel_Rarely
2056,Sales,Sales Executive,4,Travel_Rarely
2057,Research & Development,Manufacturing Director,2,Non-Travel
2060,Sales,Sales Representative,1,Travel_Rarely
2061,Research & Development,Laboratory Technician,2,Travel_Frequently
2062,Research & Development,Healthcare Representative,3,Travel_Rarely
2064,Research & Development,Manufacturing Director,2,Travel_Rarely
2065,Sales,Sales Executive,2,Travel_Frequently
2068,Research & Development,Laboratory Technician,2,Travel_Rarely
